field,signal,value,delay
current,Vehicle.Powertrain.FuelSystem.Tank.First.RelativeLevel,67.19999694824219,0.0
current,Vehicle.Powertrain.CombustionEngine.EngineHours,943.5,0.0
current,Vehicle.Powertrain.Transmission.Type,UNKNOWN,0.0
current,Vehicle.Powertrain.CombustionEngine.DieselExhaustFluid.Level,62,0.0
current,Vehicle.Cabin.SeatRowCount,2,0.0
current,Vehicle.Powertrain.CombustionEngine.MaxTorque,0,0.0
current,Vehicle.Powertrain.CombustionEngine.ECT,8,0.0
current,Vehicle.Chassis.Wheelbase,0,0.0
current,Vehicle.DirectionIndicator,Not available,0.0
current,Vehicle.VersionVSS.Major,3,0.0
current,Vehicle.Tachograph.Driver.Driver1.WorkingState,REST,0.0
current,Vehicle.Chassis.Track,0,0.0
current,Vehicle.IsMoving,False,0.0
current,Vehicle.Cabin.DriverPosition,1,0.0
current,Vehicle.Powertrain.ElectricMotor.MaxPower,0,0.0
current,Vehicle.Powertrain.ElectricMotor.MaxTorque,0,0.0
current,Vehicle.CurrentOverallWeight,655350,0.0
current,Vehicle.Speed,0.0,0.0
current,Vehicle.Chassis.AxleCount,2,0.0
current,Vehicle.Width,0,0.0
current,Vehicle.StartTime,0000-01-01T00:00Z,0.0
current,Vehicle.IsOverspeed,False,0.0
current,Vehicle.TraveledDistanceHighRes,54054555,0.0
current,Vehicle.Powertrain.Transmission.DriveType,UNKNOWN,0.0
current,Vehicle.Tachograph.Driver.Driver2.WorkingState,REST,0.0
current,Vehicle.Tachograph.VehicleSpeed,0.0,0.0
current,Vehicle.Powertrain.FuelSystem.HybridType,UNKNOWN,0.0
current,Vehicle.Powertrain.CombustionEngine.AspirationType,UNKNOWN,0.0
current,Vehicle.VersionVSS.Patch,1,0.0
current,Vehicle.Powertrain.CombustionEngine.Speed,0,0.0
current,Vehicle.GrossWeight,0,0.0
current,Vehicle.Powertrain.ElectricMotor.MaxRegenPower,0,0.0
current,Vehicle.Powertrain.ElectricMotor.MaxRegenTorque,0,0.0
current,Vehicle.ADAS.CruiseControl.IsActive,False,0.0
current,Vehicle.Chassis.SteeringWheel.Position,FRONT_LEFT,0.0
current,Vehicle.VersionVSS.Minor,1,0.0
current,Vehicle.Exterior.AirTemperature,10.5625,0.0
current,Vehicle.Length,0,0.0
current,Vehicle.Chassis.ParkingBrake.IsEngaged,True,0.0
current,Vehicle.Cabin.DoorCount,4,0.0
current,Vehicle.ADAS.CruiseControl.SpeedSet,255.0,0.0
current,Vehicle.Powertrain.Transmission.GearCount,0,0.0
current,Vehicle.Powertrain.CombustionEngine.MaxPower,0,0.0
current,Vehicle.CurbWeight,0,0.0
current,Vehicle.ADAS.CruiseControl.IsEnabled,True,0.0
current,Vehicle.VehicleIdentification.VIN,87,0.0
current,Vehicle.MaxTowBallWeight,0,0.0
current,Vehicle.MaxTowWeight,0,0.0
current,Vehicle.Height,0,0.0
current,Vehicle.Powertrain.CombustionEngine.Configuration,UNKNOWN,0.0
current,Vehicle.Powertrain.FuelSystem.Tank.Second.RelativeLevel,102.0,0.0
current,Vehicle.Powertrain.FuelSystem.Tank.First.RelativeLevel,76.80000305175781,0.7383580207824707
current,Vehicle.Exterior.AirTemperature,10.59375,0.6819970607757568
current,Vehicle.Exterior.AirTemperature,10.625,0.9999392032623291
current,Vehicle.Powertrain.FuelSystem.Tank.First.RelativeLevel,87.5999984741211,0.3188798427581787
current,Vehicle.Powertrain.FuelSystem.Tank.First.RelativeLevel,90.4000015258789,1.0096988677978516
current,Vehicle.Exterior.AirTemperature,10.65625,1.6732792854309082
current,Vehicle.Powertrain.FuelSystem.Tank.First.RelativeLevel,94.0,0.3170478343963623
current,Vehicle.Powertrain.FuelSystem.Tank.First.RelativeLevel,94.80000305175781,1.0011439323425293
current,Vehicle.Exterior.AirTemperature,10.6875,0.685589075088501
current,Vehicle.Powertrain.FuelSystem.Tank.First.RelativeLevel,95.19999694824219,0.3143138885498047
current,Vehicle.Powertrain.FuelSystem.Tank.First.RelativeLevel,96.0,1.0020551681518555
current,Vehicle.Exterior.AirTemperature,10.71875,0.6795239448547363
current,Vehicle.CurrentOverallWeight,3820,0.04990696907043457
current,Vehicle.Powertrain.FuelSystem.Tank.First.RelativeLevel,96.4000015258789,1.2683041095733643
current,Vehicle.CurrentOverallWeight,655350,0.5214488506317139
current,Vehicle.Exterior.AirTemperature,10.75,1.160055160522461
current,Vehicle.Exterior.AirTemperature,10.78125,1.0025668144226074
current,Vehicle.CurrentOverallWeight,3820,2.0483450889587402
current,Vehicle.Powertrain.FuelSystem.Tank.First.RelativeLevel,96.80000305175781,0.26833581924438477
current,Vehicle.Exterior.AirTemperature,10.8125,0.681826114654541
current,Vehicle.CurrentOverallWeight,655350,0.8358230590820312
current,Vehicle.CurrentOverallWeight,3820,1.2093899250030518
current,Vehicle.CurrentOverallWeight,655350,1.7876629829406738
current,Vehicle.Exterior.AirTemperature,10.84375,1.1660990715026855
current,Vehicle.Powertrain.CombustionEngine.Speed,621,10.141195058822632
current,Vehicle.Powertrain.FuelSystem.Tank.First.RelativeLevel,96.4000015258789,0.18018603324890137
current,Vehicle.Powertrain.CombustionEngine.Speed,742,0.825098991394043
current,Vehicle.CurrentOverallWeight,3820,0.9014279842376709
current,Vehicle.Powertrain.CombustionEngine.Speed,706,0.11053800582885742
current,Vehicle.Powertrain.CombustionEngine.Speed,699,1.0108668804168701
current,Vehicle.CurrentOverallWeight,655350,0.6638660430908203
current,Vehicle.Powertrain.CombustionEngine.Speed,681,0.3370089530944824
current,Vehicle.Exterior.AirTemperature,10.875,0.8306879997253418
current,Vehicle.CurrentOverallWeight,3820,0.047445058822631836
current,Vehicle.Powertrain.CombustionEngine.Speed,698,0.13267207145690918
current,Vehicle.Powertrain.CombustionEngine.Speed,702,1.0063278675079346
current,Vehicle.Chassis.ParkingBrake.IsEngaged,False,0.2925839424133301
current,Vehicle.CurrentOverallWeight,655350,0.35256409645080566
current,Vehicle.Powertrain.CombustionEngine.Speed,701,0.3554260730743408
current,Vehicle.Powertrain.FuelSystem.Tank.First.RelativeLevel,96.80000305175781,0.13505291938781738
current,Vehicle.Exterior.AirTemperature,10.90625,0.6823821067810059
current,Vehicle.CurrentOverallWeight,3820,0.04518580436706543
current,Vehicle.Powertrain.CombustionEngine.Speed,700,0.13956809043884277
current,Vehicle.CurrentOverallWeight,655350,1.6374988555908203
current,Vehicle.Powertrain.CombustionEngine.Speed,719,1.378352165222168
current,Vehicle.Powertrain.CombustionEngine.Speed,884,1.0000629425048828
current,Vehicle.Speed,0.69921875,0.0014767646789550781
current,Vehicle.Powertrain.CombustionEngine.Speed,893,0.3280520439147949
current,Vehicle.Tachograph.VehicleSpeed,2.09765625,0.10811018943786621
current,Vehicle.Powertrain.FuelSystem.Tank.First.RelativeLevel,96.0,0.0021729469299316406
current,Vehicle.Speed,2.69921875,0.0008549690246582031
current,Vehicle.Powertrain.CombustionEngine.Speed,911,0.3271799087524414
current,Vehicle.Powertrain.FuelSystem.Tank.First.RelativeLevel,95.5999984741211,0.11259007453918457
current,Vehicle.Tachograph.VehicleSpeed,2.8984375,0.05028796195983887
current,Vehicle.Speed,3.19921875,0.0012102127075195312
current,Vehicle.Powertrain.CombustionEngine.Speed,905,0.23359179496765137
current,Vehicle.Tachograph.VehicleSpeed,3.19921875,0.19839787483215332
current,Vehicle.Speed,3.09765625,0.001603841781616211
current,Vehicle.Exterior.AirTemperature,10.9375,0.015481948852539062
current,Vehicle.Powertrain.CombustionEngine.Speed,890,0.2282402515411377
current,Vehicle.Powertrain.FuelSystem.Tank.First.RelativeLevel,94.80000305175781,0.09221076965332031
current,Vehicle.Tachograph.VehicleSpeed,2.8984375,0.14809894561767578
current,Vehicle.Speed,2.796875,0.0008661746978759766
current,Vehicle.Powertrain.CombustionEngine.Speed,889,0.16022181510925293
current,Vehicle.Tachograph.Driver.Driver1.WorkingState,DRIVE,0.2729310989379883
current,Vehicle.Tachograph.Driver.Driver2.WorkingState,DRIVER_AVAILABLE,0.0018877983093261719
current,Vehicle.IsMoving,True,0.002504110336303711
current,Vehicle.Tachograph.VehicleSpeed,2.69921875,0.0054819583892822266
current,Vehicle.Speed,2.5,0.0017871856689453125
current,Vehicle.Powertrain.CombustionEngine.Speed,886,0.16577887535095215
current,Vehicle.TraveledDistanceHighRes,54054560,0.08013796806335449
current,Vehicle.Tachograph.VehicleSpeed,2.5,0.23806214332580566
current,Vehicle.Speed,2.3984375,0.002362966537475586
current,Vehicle.Powertrain.CombustionEngine.Speed,887,0.06408810615539551
current,Vehicle.Powertrain.FuelSystem.Tank.First.RelativeLevel,95.19999694824219,0.07245302200317383
current,Vehicle.Tachograph.VehicleSpeed,2.3984375,0.2978498935699463
current,Vehicle.CurrentOverallWeight,3820,0.43006420135498047
current,Vehicle.Speed,2.296875,0.0023958683013916016
current,Vehicle.Powertrain.FuelSystem.Tank.First.RelativeLevel,95.5999984741211,0.13822197914123535
current,Vehicle.Tachograph.VehicleSpeed,2.19921875,0.34323620796203613
current,Vehicle.Speed,2.09765625,0.0011930465698242188
current,Vehicle.Powertrain.CombustionEngine.Speed,881,0.07229900360107422
current,Vehicle.Tachograph.VehicleSpeed,1.796875,0.4138479232788086
current,Vehicle.CurrentOverallWeight,655350,0.15337395668029785
current,Vehicle.Speed,1.59765625,0.0012309551239013672
current,Vehicle.Powertrain.CombustionEngine.Speed,888,0.0866999626159668
current,Vehicle.Tachograph.VehicleSpeed,1.5,0.3939502239227295
current,Vehicle.Powertrain.CombustionEngine.ECT,9,0.3796117305755615
current,Vehicle.CurrentOverallWeight,3820,0.004132270812988281
current,Vehicle.Powertrain.CombustionEngine.Speed,887,0.22783160209655762
current,Vehicle.Tachograph.VehicleSpeed,1.59765625,0.4390714168548584
current,Vehicle.Powertrain.CombustionEngine.Speed,878,0.561302661895752
current,Vehicle.Speed,1.796875,0.0016169548034667969
current,Vehicle.Powertrain.FuelSystem.Tank.First.RelativeLevel,94.80000305175781,0.03970789909362793
current,Vehicle.Tachograph.VehicleSpeed,1.796875,0.44544410705566406
current,Vehicle.CurrentOverallWeight,655350,0.054894208908081055
current,Vehicle.Exterior.AirTemperature,10.96875,0.1764688491821289
current,Vehicle.Powertrain.CombustionEngine.Speed,884,0.288585901260376
current,Vehicle.Speed,1.69921875,0.0011591911315917969
current,Vehicle.Tachograph.VehicleSpeed,1.296875,0.43255615234375
current,Vehicle.CurrentOverallWeight,3820,0.23528504371643066
current,Vehicle.Powertrain.CombustionEngine.Speed,707,0.23934173583984375
current,Vehicle.Speed,1.09765625,0.0017728805541992188
current,Vehicle.Tachograph.VehicleSpeed,0.796875,0.33138513565063477
current,Vehicle.Powertrain.CombustionEngine.Speed,700,0.47505879402160645
current,Vehicle.Speed,0.5,0.0016248226165771484
current,Vehicle.CurrentOverallWeight,655350,0.24329113960266113
current,Vehicle.Tachograph.VehicleSpeed,0.3984375,0.04243898391723633
current,Vehicle.Exterior.AirTemperature,11.0,0.1356220245361328
current,Vehicle.Powertrain.CombustionEngine.Speed,699,0.29403090476989746
current,Vehicle.Speed,0.19921875,0.000985860824584961
current,Vehicle.Tachograph.Driver.Driver1.WorkingState,WORK,0.32655811309814453
current,Vehicle.IsMoving,False,0.0025429725646972656
current,Vehicle.Tachograph.VehicleSpeed,0.19921875,0.006002902984619141
current,Vehicle.CurrentOverallWeight,3820,0.13102507591247559
current,Vehicle.Powertrain.CombustionEngine.Speed,716,0.2521958351135254
current,Vehicle.Powertrain.FuelSystem.Tank.First.RelativeLevel,94.4000015258789,0.023476362228393555
current,Vehicle.Speed,0.59765625,0.00203704833984375
current,Vehicle.Tachograph.VehicleSpeed,0.59765625,0.23144769668579102
current,Vehicle.Powertrain.CombustionEngine.Speed,885,0.38185811042785645
current,Vehicle.Speed,0.296875,0.0008902549743652344
current,Vehicle.CurrentOverallWeight,655350,0.035843849182128906
current,Vehicle.Tachograph.VehicleSpeed,1.09765625,0.1481761932373047
current,Vehicle.Powertrain.CombustionEngine.Speed,898,0.342911958694458
current,Vehicle.Powertrain.FuelSystem.Tank.First.RelativeLevel,94.0,0.011858940124511719
current,Vehicle.TraveledDistanceHighRes,54054565,0.007472991943359375
current,Vehicle.Speed,3.19921875,0.001024007797241211
current,Vehicle.Tachograph.VehicleSpeed,3.09765625,0.08425092697143555
current,Vehicle.Powertrain.CombustionEngine.Speed,904,0.3567378520965576
current,Vehicle.Powertrain.FuelSystem.Tank.First.RelativeLevel,94.4000015258789,0.0015749931335449219
current,Vehicle.Speed,3.69921875,0.0012359619140625
current,Vehicle.Tachograph.VehicleSpeed,3.69921875,0.08728218078613281
current,Vehicle.Powertrain.CombustionEngine.Speed,918,0.36405491828918457
current,Vehicle.Tachograph.VehicleSpeed,3.8984375,0.6423459053039551
current,Vehicle.Speed,3.8984375,0.0014989376068115234
current,Vehicle.Powertrain.FuelSystem.Tank.First.RelativeLevel,95.19999694824219,0.33820581436157227
current,Vehicle.Speed,3.59765625,0.0012390613555908203
current,Vehicle.Tachograph.Driver.Driver1.WorkingState,DRIVE,0.026269912719726562
current,Vehicle.IsMoving,True,0.002785205841064453
current,Vehicle.Tachograph.VehicleSpeed,3.59765625,0.004136085510253906
current,Vehicle.Powertrain.CombustionEngine.ECT,10,0.023540019989013672
current,Vehicle.CurrentOverallWeight,3820,0.00569605827331543
current,Vehicle.Powertrain.CombustionEngine.Speed,894,0.3009829521179199
current,Vehicle.Speed,3.09765625,0.0019330978393554688
current,Vehicle.Exterior.AirTemperature,11.03125,0.008881807327270508
current,Vehicle.Tachograph.VehicleSpeed,3.0,0.06569290161132812
current,Vehicle.TraveledDistanceHighRes,54054570,0.2682969570159912
current,Vehicle.Powertrain.CombustionEngine.Speed,879,0.01494598388671875
current,Vehicle.CurrentOverallWeight,655350,0.4639289379119873
current,Vehicle.Tachograph.VehicleSpeed,2.59765625,0.2502739429473877
current,Vehicle.Speed,2.59765625,0.0007650852203369141
current,Vehicle.Powertrain.CombustionEngine.Speed,876,0.27129387855529785
current,Vehicle.CurrentOverallWeight,3820,0.6989810466766357
current,Vehicle.Speed,3.0,0.0028808116912841797
current,Vehicle.Tachograph.VehicleSpeed,3.19921875,0.03001689910888672
current,Vehicle.Powertrain.CombustionEngine.Speed,885,0.23520517349243164
current,Vehicle.Speed,4.69921875,0.0010919570922851562
current,Vehicle.Tachograph.VehicleSpeed,5.19921875,0.03149008750915527
current,Vehicle.Powertrain.FuelSystem.Tank.First.RelativeLevel,94.80000305175781,0.2088639736175537
current,Vehicle.Powertrain.CombustionEngine.Speed,894,0.03818702697753906
current,Vehicle.CurrentOverallWeight,655350,0.45630884170532227
current,Vehicle.Tachograph.VehicleSpeed,6.3984375,0.30019307136535645
current,Vehicle.Speed,6.3984375,0.0013930797576904297
current,Vehicle.Powertrain.CombustionEngine.Speed,976,0.18883705139160156
current,Vehicle.Tachograph.VehicleSpeed,5.296875,0.7904889583587646
current,Vehicle.Speed,5.296875,0.0015540122985839844
current,Vehicle.TraveledDistanceHighRes,54054575,0.04601693153381348
current,Vehicle.Powertrain.CombustionEngine.Speed,787,0.04596829414367676
current,Vehicle.Tachograph.VehicleSpeed,4.8984375,0.7895348072052002
current,Vehicle.Powertrain.FuelSystem.Tank.First.RelativeLevel,94.4000015258789,0.15499401092529297
current,Vehicle.Powertrain.CombustionEngine.Speed,776,0.05765819549560547
current,Vehicle.Speed,4.8984375,0.0009930133819580078
current,Vehicle.Tachograph.VehicleSpeed,5.09765625,0.8321762084960938
current,Vehicle.Powertrain.FuelSystem.Tank.First.RelativeLevel,94.0,0.10718178749084473
current,Vehicle.Powertrain.CombustionEngine.Speed,832,0.05721306800842285
current,Vehicle.Speed,5.19921875,0.0010890960693359375
current,Vehicle.Exterior.AirTemperature,11.0,0.617372989654541
current,Vehicle.Tachograph.VehicleSpeed,5.8984375,0.2638702392578125
current,Vehicle.Powertrain.CombustionEngine.Speed,935,0.11565780639648438
current,Vehicle.Speed,5.8984375,0.0018138885498046875
current,Vehicle.Exterior.AirTemperature,11.03125,0.6164901256561279
current,Vehicle.Tachograph.VehicleSpeed,6.296875,0.2642538547515869
current,Vehicle.TraveledDistanceHighRes,54054580,0.06010627746582031
current,Vehicle.Powertrain.CombustionEngine.Speed,973,0.05923199653625488
current,Vehicle.Speed,6.19921875,0.0022859573364257812
current,Vehicle.Tachograph.VehicleSpeed,6.69921875,0.8325879573822021
current,Vehicle.Powertrain.FuelSystem.Tank.First.RelativeLevel,93.5999984741211,0.003412008285522461
current,Vehicle.Powertrain.CombustionEngine.Speed,1047,0.07848119735717773
current,Vehicle.Speed,6.69921875,0.0021772384643554688
current,Vehicle.Powertrain.FuelSystem.Tank.First.RelativeLevel,93.19999694824219,0.7398109436035156
current,Vehicle.TraveledDistanceHighRes,54054585,0.008111000061035156
current,Vehicle.Tachograph.VehicleSpeed,7.0,0.0309600830078125
current,Vehicle.Powertrain.CombustionEngine.Speed,1099,0.03488802909851074
current,Vehicle.Speed,7.09765625,0.002151966094970703
current,Vehicle.Powertrain.CombustionEngine.ECT,11,0.45639705657958984
current,Vehicle.Tachograph.VehicleSpeed,7.5,0.3303689956665039
current,Vehicle.Powertrain.CombustionEngine.Speed,1190,0.03701496124267578
current,Vehicle.Speed,7.69921875,0.0015943050384521484
current,Vehicle.Powertrain.FuelSystem.Tank.First.RelativeLevel,93.5999984741211,0.7393028736114502
current,Vehicle.TraveledDistanceHighRes,54054590,0.007004976272583008
current,Vehicle.Tachograph.VehicleSpeed,8.69921875,0.0833730697631836
current,Vehicle.Powertrain.CombustionEngine.Speed,1364,0.0012631416320800781
current,Vehicle.Speed,8.796875,0.0015192031860351562
current,Vehicle.Tachograph.VehicleSpeed,9.796875,0.7368869781494141
current,Vehicle.Powertrain.CombustionEngine.Speed,1539,0.0016169548034667969
current,Vehicle.Speed,10.0,0.0008578300476074219
current,Vehicle.Powertrain.FuelSystem.Tank.First.RelativeLevel,94.0,0.5417680740356445
current,Vehicle.Tachograph.VehicleSpeed,10.796875,0.09314918518066406
current,Vehicle.Powertrain.CombustionEngine.Speed,1689,0.010814905166625977
current,Vehicle.Speed,10.8984375,0.0012280941009521484
current,Vehicle.Powertrain.FuelSystem.Tank.First.RelativeLevel,94.4000015258789,0.5419900417327881
current,Vehicle.TraveledDistanceHighRes,54054595,0.006731748580932617
current,Vehicle.Tachograph.VehicleSpeed,11.296875,0.08631086349487305
current,Vehicle.Powertrain.CombustionEngine.Speed,1300,0.02112603187561035
current,Vehicle.Speed,10.59765625,0.001024007797241211
current,Vehicle.TraveledDistanceHighRes,54054600,0.44983792304992676
current,Vehicle.Tachograph.VehicleSpeed,13.0,0.08813214302062988
current,Vehicle.Powertrain.CombustionEngine.Speed,1128,0.017880916595458984
current,Vehicle.Speed,14.09765625,0.0015521049499511719
current,Vehicle.Powertrain.FuelSystem.Tank.First.RelativeLevel,94.80000305175781,0.34066104888916016
current,Vehicle.TraveledDistanceHighRes,54054605,0.004690885543823242
current,Vehicle.Powertrain.CombustionEngine.Speed,1295,0.12004590034484863
current,Vehicle.Tachograph.VehicleSpeed,15.09765625,0.014774084091186523
current,Vehicle.Speed,15.69921875,0.002371072769165039
current,Vehicle.Powertrain.CombustionEngine.Speed,1386,0.37176990509033203
current,Vehicle.Tachograph.VehicleSpeed,16.19921875,0.006940126419067383
current,Vehicle.CurrentOverallWeight,3820,0.5853369235992432
current,Vehicle.Speed,16.59765625,0.004261970520019531
current,Vehicle.Powertrain.FuelSystem.Tank.First.RelativeLevel,94.4000015258789,0.1323070526123047
current,Vehicle.TraveledDistanceHighRes,54054610,0.006410121917724609
current,Vehicle.Powertrain.CombustionEngine.Speed,1453,0.1285710334777832
current,Vehicle.Tachograph.VehicleSpeed,17.0,0.06127214431762695
current,Vehicle.Speed,17.5,0.00019502639770507812
current,Vehicle.TraveledDistanceHighRes,54054615,0.049861907958984375
current,Vehicle.Powertrain.CombustionEngine.Speed,1502,0.1385350227355957
current,Vehicle.Tachograph.VehicleSpeed,17.59765625,0.10028314590454102
current,Vehicle.CurrentOverallWeight,655350,0.23720383644104004
current,Vehicle.Exterior.AirTemperature,11.0,0.1946570873260498
current,Vehicle.Powertrain.CombustionEngine.ECT,12,0.04427814483642578
current,Vehicle.Speed,17.796875,0.0014548301696777344
current,Vehicle.Powertrain.FuelSystem.Tank.First.RelativeLevel,94.0,0.04323101043701172
current,Vehicle.TraveledDistanceHighRes,54054620,0.005012989044189453
current,Vehicle.Powertrain.CombustionEngine.Speed,1428,0.13879704475402832
current,Vehicle.Tachograph.VehicleSpeed,16.796875,0.14538288116455078
current,Vehicle.Speed,15.3984375,0.0015232563018798828
current,Vehicle.Powertrain.FuelSystem.Tank.First.RelativeLevel,93.5999984741211,0.041240692138671875
current,Vehicle.Powertrain.CombustionEngine.Speed,1223,0.15019536018371582
current,Vehicle.Tachograph.VehicleSpeed,14.09765625,0.1414027214050293
current,Vehicle.TraveledDistanceHighRes,54054630,0.7146050930023193
current,Vehicle.Speed,12.5,0.0017039775848388672
current,Vehicle.Powertrain.CombustionEngine.Speed,1016,0.08925294876098633
current,Vehicle.Tachograph.VehicleSpeed,11.69921875,0.19854426383972168
current,Vehicle.Powertrain.FuelSystem.Tank.First.RelativeLevel,91.19999694824219,0.6506989002227783
current,Vehicle.Powertrain.CombustionEngine.Speed,890,0.15473389625549316
current,Vehicle.Speed,10.59765625,0.0012547969818115234
current,Vehicle.Tachograph.VehicleSpeed,10.296875,0.18987131118774414
current,Vehicle.Powertrain.FuelSystem.Tank.First.RelativeLevel,90.80000305175781,0.6540536880493164
current,Vehicle.TraveledDistanceHighRes,54054635,0.003789186477661133
current,Vehicle.Powertrain.CombustionEngine.Speed,1495,0.15656805038452148
current,Vehicle.Speed,9.19921875,0.001585245132446289
current,Vehicle.Tachograph.VehicleSpeed,9.09765625,0.09042572975158691
current,Vehicle.TraveledDistanceHighRes,54054640,0.657642126083374
current,Vehicle.Powertrain.CombustionEngine.Speed,1243,0.16656017303466797
current,Vehicle.Speed,8.0,0.0016791820526123047
current,Vehicle.Tachograph.VehicleSpeed,7.8984375,0.08705282211303711
current,Vehicle.Powertrain.FuelSystem.Tank.First.RelativeLevel,90.4000015258789,0.6557328701019287
current,Vehicle.Powertrain.CombustionEngine.Speed,1340,0.1829981803894043
current,Vehicle.Speed,8.3984375,0.0012900829315185547
current,Vehicle.Tachograph.VehicleSpeed,8.796875,0.13250303268432617
current,Vehicle.CurrentOverallWeight,5580,0.33353710174560547
current,Vehicle.Powertrain.FuelSystem.Tank.First.RelativeLevel,90.80000305175781,0.27937889099121094
current,Vehicle.Powertrain.CombustionEngine.Speed,1528,0.1942429542541504
current,Vehicle.Speed,9.69921875,0.0007071495056152344
current,Vehicle.Tachograph.VehicleSpeed,9.8984375,0.13566279411315918
current,Vehicle.TraveledDistanceHighRes,54054645,0.6122009754180908
current,Vehicle.Powertrain.CombustionEngine.Speed,1769,0.19068217277526855
current,Vehicle.Speed,11.296875,0.0015330314636230469
current,Vehicle.Tachograph.VehicleSpeed,11.5,0.0827329158782959
current,Vehicle.CurrentOverallWeight,17200,0.039895057678222656
current,Vehicle.Powertrain.CombustionEngine.ECT,13,0.23709702491760254
current,Vehicle.Powertrain.FuelSystem.Tank.First.RelativeLevel,92.4000015258789,0.2798590660095215
current,Vehicle.Powertrain.CombustionEngine.Speed,1363,0.20308589935302734
current,Vehicle.Speed,11.3984375,0.0026009082794189453
current,Vehicle.Tachograph.VehicleSpeed,11.8984375,0.030658245086669922
current,Vehicle.CurrentOverallWeight,5580,0.23506879806518555
current,Vehicle.TraveledDistanceHighRes,54054655,0.2813100814819336
current,Vehicle.Powertrain.CombustionEngine.Speed,1242,0.19930100440979004
current,Vehicle.Speed,14.796875,0.0019080638885498047
current,Vehicle.Tachograph.VehicleSpeed,15.09765625,0.08203911781311035
current,Vehicle.Powertrain.FuelSystem.Tank.First.RelativeLevel,93.5999984741211,0.45812368392944336
current,Vehicle.Powertrain.CombustionEngine.Speed,1437,0.21481537818908691
current,Vehicle.CurrentOverallWeight,17200,0.2674696445465088
current,Vehicle.Tachograph.VehicleSpeed,17.296875,0.06383323669433594
current,Vehicle.Speed,17.19921875,0.0014789104461669922
current,Vehicle.TraveledDistanceHighRes,54054660,0.44665098190307617
current,Vehicle.Powertrain.CombustionEngine.Speed,1551,0.21040892601013184
current,Vehicle.Tachograph.VehicleSpeed,18.296875,0.37323784828186035
current,Vehicle.Speed,18.19921875,0.002849102020263672
current,Vehicle.Powertrain.FuelSystem.Tank.First.RelativeLevel,94.80000305175781,0.33446288108825684
current,Vehicle.Powertrain.CombustionEngine.Speed,1563,0.22094011306762695
current,Vehicle.Speed,18.3984375,0.0015728473663330078
current,Vehicle.TraveledDistanceHighRes,54054670,0.34105706214904785
current,Vehicle.Powertrain.CombustionEngine.Speed,1551,0.2173318862915039
current,Vehicle.Tachograph.VehicleSpeed,18.09765625,0.36820197105407715
current,Vehicle.Exterior.AirTemperature,11.03125,0.09152102470397949
current,Vehicle.Speed,18.09765625,0.0015921592712402344
current,Vehicle.Powertrain.FuelSystem.Tank.First.RelativeLevel,93.5999984741211,0.23827099800109863
current,Vehicle.TraveledDistanceHighRes,54054675,0.0060427188873291016
current,Vehicle.Powertrain.CombustionEngine.Speed,1447,0.21979117393493652
current,Vehicle.Tachograph.VehicleSpeed,16.5,0.41382598876953125
current,Vehicle.Powertrain.CombustionEngine.ECT,14,0.0777730941772461
current,Vehicle.CurrentOverallWeight,5580,0.006914854049682617
current,Vehicle.Speed,16.296875,0.002271890640258789
current,Vehicle.Powertrain.FuelSystem.Tank.First.RelativeLevel,92.4000015258789,0.13785696029663086
current,Vehicle.TraveledDistanceHighRes,54054680,0.003938913345336914
current,Vehicle.Powertrain.CombustionEngine.Speed,1328,0.22702622413635254
current,Vehicle.Tachograph.VehicleSpeed,15.09765625,0.41236305236816406
current,Vehicle.Exterior.AirTemperature,11.0625,0.030163049697875977
current,Vehicle.Speed,14.796875,0.0011959075927734375
current,Vehicle.Powertrain.CombustionEngine.Speed,1211,0.28710412979125977
current,Vehicle.CurrentOverallWeight,17200,0.23264265060424805
current,Vehicle.Tachograph.VehicleSpeed,13.8984375,0.20988225936889648
current,Vehicle.Powertrain.FuelSystem.Tank.First.RelativeLevel,90.80000305175781,0.31217002868652344
current,Vehicle.TraveledDistanceHighRes,54054690,0.004051923751831055
current,Vehicle.Speed,13.69921875,0.0012149810791015625
current,Vehicle.Powertrain.CombustionEngine.Speed,1150,0.18679213523864746
current,Vehicle.Exterior.AirTemperature,11.09375,0.4325718879699707
current,Vehicle.Tachograph.VehicleSpeed,13.296875,0.009256839752197266
current,Vehicle.Powertrain.FuelSystem.Tank.First.RelativeLevel,90.4000015258789,0.3497002124786377
current,Vehicle.TraveledDistanceHighRes,54054695,0.028751850128173828
current,Vehicle.Speed,13.09765625,0.017546892166137695
current,Vehicle.Powertrain.CombustionEngine.Speed,1100,0.11982893943786621
current,Vehicle.Tachograph.VehicleSpeed,12.796875,0.4978311061859131
current,Vehicle.Speed,12.8984375,0.0018911361694335938
current,Vehicle.Powertrain.CombustionEngine.Speed,1086,0.10384702682495117
current,Vehicle.Tachograph.VehicleSpeed,12.69921875,0.5296599864959717
current,Vehicle.Powertrain.FuelSystem.Tank.First.RelativeLevel,89.5999984741211,0.20343804359436035
current,Vehicle.TraveledDistanceHighRes,54054700,0.008065938949584961
current,Vehicle.Speed,12.69921875,0.0007729530334472656
current,Vehicle.Powertrain.CombustionEngine.Speed,1081,0.1031179428100586
current,Vehicle.Exterior.AirTemperature,11.125,0.41303086280822754
current,Vehicle.Tachograph.VehicleSpeed,12.8984375,0.11822223663330078
current,Vehicle.Powertrain.FuelSystem.Tank.First.RelativeLevel,89.19999694824219,0.20177292823791504
current,Vehicle.TraveledDistanceHighRes,54054705,0.006921052932739258
current,Vehicle.Speed,12.8984375,0.0004818439483642578
current,Vehicle.Powertrain.CombustionEngine.Speed,1115,0.004555225372314453
current,Vehicle.Powertrain.CombustionEngine.ECT,15,0.452150821685791
current,Vehicle.Tachograph.VehicleSpeed,13.3984375,0.0785529613494873
current,Vehicle.Powertrain.FuelSystem.Tank.First.RelativeLevel,88.80000305175781,0.20416927337646484
current,Vehicle.Powertrain.CombustionEngine.Speed,1199,0.27753186225891113
current,Vehicle.Speed,13.796875,0.0015132427215576172
current,Vehicle.Exterior.AirTemperature,11.15625,0.31995582580566406
current,Vehicle.Tachograph.VehicleSpeed,14.59765625,0.16267704963684082
current,Vehicle.Powertrain.FuelSystem.Tank.First.RelativeLevel,88.4000015258789,0.15767502784729004
current,Vehicle.TraveledDistanceHighRes,54054710,0.006272077560424805
current,Vehicle.Powertrain.CombustionEngine.Speed,1289,0.27903199195861816
current,Vehicle.Speed,14.8984375,0.0013871192932128906
current,Vehicle.Tachograph.VehicleSpeed,15.5,0.5315561294555664
current,Vehicle.TraveledDistanceHighRes,54054715,0.11374974250793457
current,Vehicle.Powertrain.CombustionEngine.Speed,1375,0.28232908248901367
current,Vehicle.Speed,16.09765625,0.0010318756103515625
current,Vehicle.Powertrain.CombustionEngine.DieselExhaustFluid.Level,63,0.12099695205688477
current,Vehicle.Tachograph.VehicleSpeed,16.796875,0.31835508346557617
current,Vehicle.Powertrain.CombustionEngine.Speed,1485,0.3976719379425049
current,Vehicle.Speed,17.5,0.0012729167938232422
current,Vehicle.Exterior.AirTemperature,11.1875,0.11626410484313965
current,Vehicle.Tachograph.VehicleSpeed,18.09765625,0.2652249336242676
current,Vehicle.TraveledDistanceHighRes,54054725,0.06413006782531738
current,Vehicle.Powertrain.CombustionEngine.Speed,1588,0.28818821907043457
current,Vehicle.Speed,18.69921875,0.0017590522766113281
current,Vehicle.Tachograph.VehicleSpeed,19.09765625,0.27953505516052246
current,Vehicle.Powertrain.FuelSystem.Tank.First.RelativeLevel,89.19999694824219,0.06116771697998047
current,Vehicle.TraveledDistanceHighRes,54054730,0.0044023990631103516
current,Vehicle.Powertrain.CombustionEngine.Speed,1626,0.2983410358428955
current,Vehicle.Speed,19.0,0.0007238388061523438
current,Vehicle.Tachograph.VehicleSpeed,18.8984375,0.23466825485229492
current,Vehicle.Powertrain.CombustionEngine.Speed,1610,0.32489585876464844
current,Vehicle.Tachograph.VehicleSpeed,18.796875,0.6739799976348877
current,Vehicle.Powertrain.FuelSystem.Tank.First.RelativeLevel,89.5999984741211,0.00911712646484375
current,Vehicle.TraveledDistanceHighRes,54054740,0.0056340694427490234
current,Vehicle.Powertrain.CombustionEngine.Speed,1615,0.318803071975708
current,Vehicle.Exterior.AirTemperature,11.21875,0.35190606117248535
current,Vehicle.Tachograph.VehicleSpeed,19.09765625,0.31675291061401367
current,Vehicle.Powertrain.CombustionEngine.Speed,1627,0.33976316452026367
current,Vehicle.Powertrain.CombustionEngine.ECT,16,0.3847050666809082
current,Vehicle.Speed,19.09765625,0.0014340877532958984
current,Vehicle.Powertrain.FuelSystem.Tank.First.RelativeLevel,90.0,0.14169812202453613
current,Vehicle.TraveledDistanceHighRes,54054750,0.0050487518310546875
current,Vehicle.Tachograph.VehicleSpeed,19.5,0.03534579277038574
current,Vehicle.Exterior.AirTemperature,11.25,0.634796142578125
current,Vehicle.Powertrain.FuelSystem.Tank.First.RelativeLevel,90.4000015258789,0.325131893157959
current,Vehicle.Tachograph.VehicleSpeed,19.0,0.04378390312194824
current,Vehicle.Powertrain.CombustionEngine.Speed,1622,0.30494117736816406
current,Vehicle.Powertrain.CombustionEngine.DieselExhaustFluid.Level,62,0.22219491004943848
current,Vehicle.CurrentOverallWeight,5400,0.15093088150024414
current,Vehicle.TraveledDistanceHighRes,54054760,0.2799971103668213
current,Vehicle.Speed,18.8984375,0.0017330646514892578
current,Vehicle.Tachograph.VehicleSpeed,18.8984375,0.03194284439086914
current,Vehicle.Powertrain.CombustionEngine.Speed,1606,0.266071081161499
current,Vehicle.Powertrain.FuelSystem.Tank.First.RelativeLevel,90.0,0.6436500549316406
current,Vehicle.Speed,18.69921875,0.0011408329010009766
current,Vehicle.Tachograph.VehicleSpeed,18.59765625,0.03494405746459961
current,Vehicle.Powertrain.CombustionEngine.Speed,1578,0.27277612686157227
current,Vehicle.CurrentOverallWeight,17200,0.10440897941589355
current,Vehicle.Exterior.AirTemperature,11.28125,0.20726704597473145
current,Vehicle.TraveledDistanceHighRes,54054775,0.33029603958129883
current,Vehicle.Tachograph.VehicleSpeed,18.19921875,0.08649706840515137
current,Vehicle.Speed,18.19921875,0.001329183578491211
current,Vehicle.Powertrain.CombustionEngine.Speed,1563,0.21193766593933105
current,Vehicle.Powertrain.FuelSystem.Tank.First.RelativeLevel,90.4000015258789,0.6275832653045654
current,Vehicle.Speed,18.3984375,0.0015909671783447266
current,Vehicle.Powertrain.CombustionEngine.Speed,1575,0.2151651382446289
current,Vehicle.Powertrain.FuelSystem.Tank.First.RelativeLevel,90.80000305175781,0.6247859001159668
current,Vehicle.TraveledDistanceHighRes,54054785,0.0040509700775146484
current,Vehicle.Tachograph.VehicleSpeed,18.5,0.1413421630859375
current,Vehicle.Speed,18.5,0.0014297962188720703
current,Vehicle.Powertrain.CombustionEngine.Speed,1582,0.11719107627868652
current,Vehicle.TraveledDistanceHighRes,54054790,0.6284329891204834
current,Vehicle.Tachograph.VehicleSpeed,18.69921875,0.18454194068908691
current,Vehicle.Speed,18.59765625,0.0015659332275390625
current,Vehicle.Powertrain.CombustionEngine.Speed,1572,0.022942066192626953
current,Vehicle.Exterior.AirTemperature,11.3125,0.29258108139038086
current,Vehicle.TraveledDistanceHighRes,54054795,0.32978272438049316
current,Vehicle.Tachograph.VehicleSpeed,18.0,0.2297992706298828
current,Vehicle.Powertrain.CombustionEngine.Speed,1537,0.14668798446655273
current,Vehicle.Speed,18.09765625,0.0018239021301269531
current,Vehicle.Powertrain.CombustionEngine.ECT,17,0.2604360580444336
current,Vehicle.Tachograph.VehicleSpeed,17.69921875,0.5694351196289062
current,Vehicle.Powertrain.CombustionEngine.Speed,1512,0.09535384178161621
current,Vehicle.Speed,17.69921875,0.0016758441925048828
current,Vehicle.Powertrain.FuelSystem.Tank.First.RelativeLevel,90.4000015258789,0.4410061836242676
current,Vehicle.TraveledDistanceHighRes,54054805,0.004380941390991211
current,Vehicle.Tachograph.VehicleSpeed,17.59765625,0.3323960304260254
current,Vehicle.Powertrain.CombustionEngine.Speed,1506,0.05555462837219238
current,Vehicle.Speed,17.59765625,0.0014579296112060547
current,Vehicle.CurrentOverallWeight,5400,0.06596183776855469
current,Vehicle.TraveledDistanceHighRes,54054810,0.28214406967163086
current,Vehicle.Tachograph.VehicleSpeed,17.796875,0.33318090438842773
current,Vehicle.Powertrain.CombustionEngine.Speed,1511,0.05199003219604492
current,Vehicle.Speed,17.796875,0.0026972293853759766
current,Vehicle.Exterior.AirTemperature,11.34375,0.01057887077331543
current,Vehicle.TraveledDistanceHighRes,54054815,0.3317687511444092
current,Vehicle.Tachograph.VehicleSpeed,18.09765625,0.33681392669677734
current,Vehicle.Powertrain.CombustionEngine.Speed,1540,0.05259394645690918
current,Vehicle.CurrentOverallWeight,17200,0.07027196884155273
current,Vehicle.Exterior.AirTemperature,11.3125,0.20757603645324707
current,Vehicle.Speed,18.0,0.0023789405822753906
current,Vehicle.Tachograph.VehicleSpeed,18.5,0.6321201324462891
current,Vehicle.Powertrain.CombustionEngine.Speed,1583,0.01173090934753418
current,Vehicle.CurrentOverallWeight,5400,0.32132387161254883
current,Vehicle.Speed,18.796875,0.0015759468078613281
current,Vehicle.TraveledDistanceHighRes,54054825,0.14621520042419434
current,Vehicle.Tachograph.VehicleSpeed,19.5,0.38872289657592773
current,Vehicle.Powertrain.CombustionEngine.Speed,1674,0.020132064819335938
current,Vehicle.Powertrain.CombustionEngine.ECT,18,0.2996091842651367
current,Vehicle.Speed,19.796875,0.0013387203216552734
current,Vehicle.TraveledDistanceHighRes,54054830,0.1469581127166748
current,Vehicle.Powertrain.CombustionEngine.Speed,1705,0.40775609016418457
current,Vehicle.Tachograph.VehicleSpeed,20.0,0.02786707878112793
current,Vehicle.CurrentOverallWeight,17200,0.022166013717651367
current,Vehicle.Speed,19.8984375,0.0021669864654541016
current,Vehicle.TraveledDistanceHighRes,54054835,0.14214396476745605
current,Vehicle.Powertrain.CombustionEngine.Speed,1700,0.4153718948364258
current,Vehicle.Tachograph.VehicleSpeed,19.796875,0.025304079055786133
current,Vehicle.Exterior.AirTemperature,11.34375,0.22556090354919434
current,Vehicle.CurrentOverallWeight,5400,0.05125308036804199
current,Vehicle.Speed,20.09765625,0.0011458396911621094
current,Vehicle.Powertrain.CombustionEngine.Speed,1710,0.4706580638885498
current,Vehicle.Tachograph.VehicleSpeed,20.0,0.06233716011047363
current,Vehicle.Speed,20.296875,0.0013871192932128906
current,Vehicle.Powertrain.FuelSystem.Tank.First.RelativeLevel,90.0,0.0416259765625
current,Vehicle.TraveledDistanceHighRes,54054845,0.005116939544677734
current,Vehicle.Powertrain.CombustionEngine.Speed,1734,0.43102598190307617
current,Vehicle.CurrentOverallWeight,17200,0.022881031036376953
current,Vehicle.Tachograph.VehicleSpeed,20.3984375,0.08124303817749023
current,Vehicle.Exterior.AirTemperature,11.375,0.13380098342895508
current,Vehicle.Speed,20.796875,0.002431154251098633
current,Vehicle.Powertrain.CombustionEngine.Speed,1283,0.38282012939453125
current,Vehicle.Tachograph.VehicleSpeed,20.09765625,0.1061408519744873
current,Vehicle.Exterior.AirTemperature,11.40625,0.12988591194152832
current,Vehicle.CurrentOverallWeight,5400,0.0444490909576416
current,Vehicle.TraveledDistanceHighRes,54054855,0.28026795387268066
current,Vehicle.Powertrain.CombustionEngine.Speed,1094,0.4401540756225586
current,Vehicle.Tachograph.VehicleSpeed,21.8984375,0.1453251838684082
current,Vehicle.Speed,22.19921875,0.0018219947814941406
current,Vehicle.Powertrain.CombustionEngine.Speed,1133,0.19396281242370605
current,Vehicle.CurrentOverallWeight,17200,0.008945941925048828
current,Vehicle.Tachograph.VehicleSpeed,22.69921875,0.18278193473815918
current,Vehicle.Exterior.AirTemperature,11.4375,0.033463239669799805
current,Vehicle.Powertrain.CombustionEngine.ECT,19,0.03913593292236328
current,Vehicle.Powertrain.FuelSystem.Tank.First.RelativeLevel,90.4000015258789,0.2846078872680664
current,Vehicle.TraveledDistanceHighRes,54054870,0.007129192352294922
current,Vehicle.Speed,23.0,0.0020661354064941406
current,Vehicle.Powertrain.CombustionEngine.Speed,1184,0.19898414611816406
current,Vehicle.CurrentOverallWeight,7600,0.0049097537994384766
current,Vehicle.Tachograph.VehicleSpeed,23.5,0.17754793167114258
current,Vehicle.Exterior.AirTemperature,11.46875,0.041350364685058594
current,Vehicle.Speed,24.19921875,0.0018298625946044922
current,Vehicle.Powertrain.CombustionEngine.Speed,1234,0.10636591911315918
current,Vehicle.Tachograph.VehicleSpeed,24.5,0.1783311367034912
current,Vehicle.Powertrain.FuelSystem.Tank.First.RelativeLevel,91.19999694824219,0.3604738712310791
current,Vehicle.TraveledDistanceHighRes,54054880,0.004269123077392578
current,Vehicle.Speed,24.69921875,0.001795053482055664
current,Vehicle.Powertrain.CombustionEngine.Speed,1249,0.10614991188049316
current,Vehicle.Tachograph.VehicleSpeed,24.8984375,0.22753000259399414
current,Vehicle.Speed,25.296875,0.0011610984802246094
current,Vehicle.Powertrain.CombustionEngine.Speed,1281,0.016552209854125977
current,Vehicle.Exterior.AirTemperature,11.5,0.2030317783355713
current,Vehicle.Tachograph.VehicleSpeed,25.69921875,0.010630130767822266
current,Vehicle.Powertrain.FuelSystem.Tank.First.RelativeLevel,91.5999984741211,0.3105769157409668
current,Vehicle.TraveledDistanceHighRes,54054895,0.003717184066772461
current,Vehicle.Speed,25.796875,0.0018661022186279297
current,Vehicle.Powertrain.CombustionEngine.Speed,1292,0.021852970123291016
current,Vehicle.Tachograph.VehicleSpeed,25.8984375,0.21177315711975098
current,Vehicle.TraveledDistanceHighRes,54054905,0.3097507953643799
current,Vehicle.Powertrain.CombustionEngine.Speed,1302,0.4890151023864746
current,Vehicle.Speed,26.8984375,0.0012989044189453125
current,Vehicle.Tachograph.VehicleSpeed,26.09765625,0.17886590957641602
current,Vehicle.Powertrain.CombustionEngine.Speed,1357,0.7572920322418213
current,Vehicle.Speed,26.796875,0.001363992691040039
current,Vehicle.Tachograph.VehicleSpeed,26.8984375,0.18561387062072754
current,Vehicle.TraveledDistanceHighRes,54054920,0.25988006591796875
current,Vehicle.Powertrain.CombustionEngine.Speed,1405,0.490797758102417
current,Vehicle.Speed,27.5,0.0009899139404296875
current,Vehicle.Tachograph.VehicleSpeed,27.8984375,0.22554612159729004
current,Vehicle.Powertrain.FuelSystem.Tank.First.RelativeLevel,92.0,0.21317195892333984
current,Vehicle.Powertrain.CombustionEngine.Speed,1417,0.5016050338745117
current,Vehicle.Speed,28.09765625,0.0020411014556884766
current,Vehicle.Powertrain.CombustionEngine.ECT,20,0.15406203269958496
current,Vehicle.Tachograph.VehicleSpeed,28.296875,0.07318782806396484
current,Vehicle.TraveledDistanceHighRes,54054935,0.21302485466003418
current,Vehicle.Powertrain.CombustionEngine.Speed,1454,0.49937009811401367
current,Vehicle.Speed,28.796875,0.0018279552459716797
current,Vehicle.CurrentOverallWeight,5690,0.16250300407409668
current,Vehicle.Tachograph.VehicleSpeed,28.8984375,0.07174992561340332
current,Vehicle.TraveledDistanceHighRes,54054940,0.20839810371398926
current,Vehicle.Powertrain.CombustionEngine.Speed,1449,0.4958817958831787
current,Vehicle.Tachograph.VehicleSpeed,28.69921875,0.2905902862548828
current,Vehicle.Powertrain.FuelSystem.Tank.First.RelativeLevel,91.5999984741211,0.20492792129516602
current,Vehicle.TraveledDistanceHighRes,54054950,0.0049190521240234375
current,Vehicle.CurrentOverallWeight,7600,0.45127296447753906
current,Vehicle.Powertrain.CombustionEngine.Speed,1436,0.048928022384643555
current,Vehicle.Speed,28.59765625,0.0004830360412597656
current,Vehicle.Tachograph.VehicleSpeed,28.3984375,0.1810619831085205
current,Vehicle.TraveledDistanceHighRes,54054960,0.15956401824951172
current,Vehicle.Powertrain.CombustionEngine.Speed,1427,0.5009820461273193
current,Vehicle.Speed,28.296875,0.001361846923828125
current,Vehicle.Tachograph.VehicleSpeed,28.19921875,0.12749123573303223
current,Vehicle.Powertrain.CombustionEngine.Speed,1423,0.6276328563690186
current,Vehicle.Speed,28.19921875,0.0012159347534179688
current,Vehicle.TraveledDistanceHighRes,54054975,0.14470124244689941
current,Vehicle.Powertrain.CombustionEngine.Speed,1428,0.5241789817810059
current,Vehicle.Exterior.AirTemperature,11.53125,0.15312719345092773
current,Vehicle.Speed,28.3984375,0.0007040500640869141
current,Vehicle.Tachograph.VehicleSpeed,28.3984375,0.13428878784179688
current,Vehicle.TraveledDistanceHighRes,54054980,0.009139060974121094
current,Vehicle.Powertrain.CombustionEngine.Speed,1432,0.5275452136993408
current,Vehicle.Speed,28.5,0.0014247894287109375
current,Vehicle.Powertrain.FuelSystem.Tank.First.RelativeLevel,92.0,0.043189048767089844
current,Vehicle.TraveledDistanceHighRes,54054990,0.005118846893310547
current,Vehicle.Powertrain.CombustionEngine.Speed,1431,0.5253639221191406
current,Vehicle.Powertrain.CombustionEngine.ECT,21,0.1816389560699463
current,Vehicle.Tachograph.VehicleSpeed,28.5,0.32999396324157715
current,Vehicle.Powertrain.CombustionEngine.Speed,1421,0.5040948390960693
current,Vehicle.Exterior.AirTemperature,11.5625,0.13002419471740723
current,Vehicle.Powertrain.FuelSystem.Tank.First.RelativeLevel,92.4000015258789,0.32050490379333496
current,Vehicle.TraveledDistanceHighRes,54055005,0.0039501190185546875
current,Vehicle.Speed,28.09765625,0.0010938644409179688
current,Vehicle.Tachograph.VehicleSpeed,27.796875,0.03246784210205078
current,Vehicle.Powertrain.CombustionEngine.Speed,1407,0.46009325981140137
current,Vehicle.Tachograph.VehicleSpeed,27.3984375,0.5879747867584229
current,Vehicle.Speed,27.59765625,0.0015189647674560547
current,Vehicle.Powertrain.CombustionEngine.Speed,1364,0.39410400390625
current,Vehicle.TraveledDistanceHighRes,54055020,0.4499678611755371
current,Vehicle.Tachograph.VehicleSpeed,27.0,0.1362917423248291
current,Vehicle.Speed,27.0,0.001544952392578125
current,Vehicle.Powertrain.CombustionEngine.Speed,1353,0.4096829891204834
current,Vehicle.TraveledDistanceHighRes,54055025,0.437453031539917
current,Vehicle.Tachograph.VehicleSpeed,27.09765625,0.1861860752105713
current,Vehicle.Speed,27.09765625,0.0017671585083007812
current,Vehicle.Powertrain.CombustionEngine.Speed,1387,0.30760884284973145
current,Vehicle.Exterior.AirTemperature,11.59375,0.11127018928527832
current,Vehicle.CurrentOverallWeight,5690,0.050072669982910156
current,Vehicle.TraveledDistanceHighRes,54055035,0.28192925453186035
current,Vehicle.Tachograph.VehicleSpeed,28.0,0.23008060455322266
current,Vehicle.Speed,28.09765625,0.0014369487762451172
current,Vehicle.Powertrain.CombustionEngine.Speed,1425,0.30686306953430176
current,Vehicle.Tachograph.VehicleSpeed,28.5,0.6787488460540771
current,Vehicle.Speed,28.5,0.0017480850219726562
current,Vehicle.CurrentOverallWeight,7600,0.1914370059967041
current,Vehicle.Powertrain.CombustionEngine.Speed,1447,0.11565423011779785
current,Vehicle.Powertrain.FuelSystem.Tank.First.RelativeLevel,92.0,0.4335618019104004
current,Vehicle.TraveledDistanceHighRes,54055050,0.0043141841888427734
current,Vehicle.Speed,28.8984375,0.0017211437225341797
current,Vehicle.Tachograph.VehicleSpeed,28.796875,0.031206846237182617
current,Vehicle.Powertrain.CombustionEngine.Speed,1453,0.2873861789703369
current,Vehicle.Exterior.AirTemperature,11.625,0.10310888290405273
current,Vehicle.Powertrain.CombustionEngine.ECT,22,0.037053823471069336
current,Vehicle.Powertrain.FuelSystem.Tank.First.RelativeLevel,91.5999984741211,0.28302526473999023
current,Vehicle.TraveledDistanceHighRes,54055060,0.00426173210144043
current,Vehicle.Tachograph.VehicleSpeed,29.19921875,0.29061007499694824
current,Vehicle.Speed,29.09765625,0.0017559528350830078
current,Vehicle.Powertrain.CombustionEngine.Speed,1448,0.22528886795043945
current,Vehicle.Powertrain.FuelSystem.Tank.First.RelativeLevel,91.19999694824219,0.4195990562438965
current,Vehicle.TraveledDistanceHighRes,54055065,0.003905057907104492
current,Vehicle.Tachograph.VehicleSpeed,28.796875,0.3355388641357422
current,Vehicle.Speed,28.69921875,0.0017771720886230469
current,Vehicle.Powertrain.CombustionEngine.Speed,1449,0.2250828742980957
current,Vehicle.Exterior.AirTemperature,11.65625,0.09331703186035156
current,Vehicle.Tachograph.VehicleSpeed,28.5,0.7126748561859131
current,Vehicle.Speed,28.5,0.0010731220245361328
current,Vehicle.Powertrain.CombustionEngine.Speed,1415,0.13893604278564453
current,Vehicle.Powertrain.FuelSystem.Tank.First.RelativeLevel,90.4000015258789,0.4039738178253174
current,Vehicle.TraveledDistanceHighRes,54055085,0.0044100284576416016
current,Vehicle.Tachograph.VehicleSpeed,27.8984375,0.38801002502441406
current,Vehicle.Speed,27.69921875,0.0013229846954345703
current,Vehicle.Powertrain.CombustionEngine.Speed,1390,0.04322099685668945
current,Vehicle.TraveledDistanceHighRes,54055090,0.4055500030517578
current,Vehicle.Tachograph.VehicleSpeed,26.5,0.43664002418518066
current,Vehicle.Speed,26.5,0.0018470287322998047
current,Vehicle.Powertrain.CombustionEngine.Speed,1309,0.042001962661743164
current,Vehicle.Exterior.AirTemperature,11.6875,0.08145594596862793
current,Vehicle.Tachograph.VehicleSpeed,24.69921875,0.8044440746307373
current,Vehicle.Speed,24.59765625,0.0013477802276611328
current,Vehicle.Powertrain.CombustionEngine.Speed,1209,0.0440061092376709
current,Vehicle.Powertrain.FuelSystem.Tank.First.RelativeLevel,89.5999984741211,0.39768099784851074
current,Vehicle.TraveledDistanceHighRes,54055105,0.004931926727294922
current,Vehicle.Tachograph.VehicleSpeed,23.0,0.5373342037200928
current,Vehicle.Powertrain.CombustionEngine.Speed,1150,0.07277679443359375
current,Vehicle.Speed,23.0,0.0024251937866210938
current,Vehicle.Powertrain.FuelSystem.Tank.First.RelativeLevel,90.0,0.33979177474975586
current,Vehicle.TraveledDistanceHighRes,54055110,0.0034589767456054688
current,Vehicle.Tachograph.VehicleSpeed,22.19921875,0.5848500728607178
current,Vehicle.Powertrain.CombustionEngine.Speed,1122,0.03656196594238281
current,Vehicle.Speed,22.296875,0.001237630844116211
current,Vehicle.TraveledDistanceHighRes,54055115,0.24651527404785156
current,Vehicle.Tachograph.VehicleSpeed,22.09765625,0.5840761661529541
current,Vehicle.Powertrain.CombustionEngine.Speed,1112,0.04208493232727051
current,Vehicle.Exterior.AirTemperature,11.65625,0.045736074447631836
current,Vehicle.Powertrain.CombustionEngine.ECT,23,0.03651881217956543
current,Vehicle.Speed,22.09765625,0.001322031021118164
current,Vehicle.Powertrain.FuelSystem.Tank.First.RelativeLevel,90.80000305175781,0.14227700233459473
current,Vehicle.TraveledDistanceHighRes,54055125,0.006412982940673828
current,Vehicle.Tachograph.VehicleSpeed,22.296875,0.5814151763916016
current,Vehicle.Powertrain.CombustionEngine.Speed,1130,0.04546689987182617
current,Vehicle.Speed,22.3984375,0.0012311935424804688
current,Vehicle.Tachograph.VehicleSpeed,22.5,0.7851369380950928
current,Vehicle.Powertrain.CombustionEngine.Speed,1144,0.0022780895233154297
current,Vehicle.Speed,22.69921875,0.0011720657348632812
current,Vehicle.Powertrain.FuelSystem.Tank.First.RelativeLevel,90.0,0.14379310607910156
current,Vehicle.TraveledDistanceHighRes,54055135,0.005148887634277344
current,Vehicle.Tachograph.VehicleSpeed,23.3984375,0.6308407783508301
current,Vehicle.Powertrain.CombustionEngine.Speed,1177,0.006275177001953125